Organization,LastVisitTime,Name,Email,CurrentURL
acme,"Jun 30, 2012 7:09PM",Foo1,foo1@acme.com,http://wso2.com/solutions/enterprise-integration/mobile-services-gateway
acme,"Jun 30, 2012 7:09PM",Foo1,foo1@acme.com,http://wso2.com/cloud/stratos
acme,"Jun 30, 2012 7:09PM",Foo1,foo1@acme.com,http://wso2.com/support
acme,"Jun 30, 2012 7:09PM",Foo1,foo1@acme.com,http://wso2.com/cloud/stratos
acme,"Jun 30, 2012 7:09PM",Foo1,foo1@acme.com,http://connect.wso2.com/wso2/getform/reg/supportform
acme,"Jun 30, 2012 7:09PM",Foo1,foo1@acme.com,http://wso2.org/library/wso2con2011/open-source-middleware-for-the-cloud-wso2-stratos
acme,"Jun 30, 2012 7:09PM",Foo1,foo1@acme.com,http://wso2.com/cloud/stratos
acme,"Jun 30, 2012 7:09PM",Foo1,foo1@acme.com,http://wso2.com/solutions/enterprise-integration/fix-gateway
acme,"Jun 30, 2012 7:09PM",Foo1,foo1@acme.com,http://wso2.com/cloud/stratos
vbop,"Jun 30, 2012 7:09PM",Foo2,foo2@vbop.com,http://wso2.com/solutions/enterprise-integration/mobile-services-gateway
vbop,"Jun 30, 2012 7:09PM",Foo2,foo2@vbop.com,http://wso2.org/library/articles/2012/05/moving-from-platform-to-the-platform-as-a-service-what-is-it-all-about
vbop,"Jun 30, 2012 7:09PM",Foo2,foo2@vbop.com,http://wso2.com/solutions/enterprise-integration/mobile-services-gateway
vbop,"Jun 30, 2012 7:09PM",Foo2,foo2@vbop.com,http://wso2.org
vbop,"Jun 30, 2012 7:09PM",Foo2,foo2@vbop.com,http://wso2.org/library/articles/stratos
vbop,"Jun 30, 2012 7:09PM",Foo2,foo2@vbop.com,http://wso2.org/library/tutorials/2010/12/getting-started-wso2-stratos-vmware-image
vbop,"Jun 30, 2012 7:09PM",Foo2,foo2@vbop.com,http://wso2.org/library/articles/getting-started-wso2-carbon
oop,"Jun 30, 2012 7:09PM",Foo3,foo3@oop.com,http://wso2.org/library/articles/stratos
oop,"Jun 30, 2012 7:09PM",Foo3,foo3@oop.com,http://wso2.org/library/articles/2011/08/wso2-stratos-%E2%80%93-comprehensive-open-source-middleware-platform
oop,"Jun 30, 2012 7:09PM",Foo3,foo3@oop.com,http://wso2.org/project/carbon/3.2.0/docs/index.html
oop,"Jun 30, 2012 7:09PM",Foo3,foo3@oop.com,http://wso2.org/library/knowledge-base/2010/11/setup-stratos-system-your-personal-machine
oop,"Jun 30, 2012 7:09PM",Foo3,foo3@oop.com,http://connect.wso2.com/wso2/getform/reg/ot-user-registration
oop,"Jun 30, 2012 7:09PM",Foo3,foo3@oop.com,http://connect.wso2.com/wso2/form/dynamichandler
oop,"Jun 30, 2012 7:09PM",Foo3,foo3@oop.com,http://wso2.org/library/webinars/2010/11/wso2-stratos-technical-introduction
oop,"Jun 30, 2012 7:09PM",Foo3,foo3@oop.com,http://wso2.org/library/whitepapers/2011/10/practical-soa-solution-architect
oop,"Jun 30, 2012 7:09PM",Foo3,foo3@oop.com,http://wso2.com/products/platforms
oop,"Jun 30, 2012 7:09PM",Foo3,foo3@oop.com,http://wso2.org,http://wso2.com/products/developer-studio
kintuc,"Jun 30, 2012 7:09PM",Foo4,foo4@kintuc.com,http://wso2.com/solutions/enterprise-integration/mobile-services-gateway
kintuc,"Jun 30, 2012 7:09PM",Foo4,foo4@kintuc.com,http://wso2.com/cloud/stratos
kintuc,"Jun 30, 2012 7:09PM",Foo4,foo4@kintuc.com,http://wso2.com/solutions/enterprise-integration/mobile-services-gateway
kintuc,"Jun 30, 2012 7:09PM",Foo4,foo4@kintuc.com,http://wso2.com/cloud/stratos
kintuc,"Jun 30, 2012 7:09PM",Foo4,foo4@kintuc.com,http://wso2.com/solutions/enterprise-integration/mobile-services-gateway
kintuc,"Jun 30, 2012 7:09PM",Foo4,foo4@kintuc.com,http://wso2.com/cloud/stratos
kintuc,"Jun 30, 2012 7:09PM",Foo4,foo4@kintuc.com,http://wso2.com/support
kintuc,"Jun 30, 2012 7:09PM",Foo4,foo4@kintuc.com,http://wso2.com/cloud/stratos
kintuc,"Jun 30, 2012 7:09PM",Foo4,foo4@kintuc.com,http://connect.wso2.com/wso2/getform/reg/supportform
kintuc,"Jun 30, 2012 7:09PM",Foo4,foo4@kintuc.com,http://wso2.org/library/wso2con2011/open-source-middleware-for-the-cloud-wso2-stratos
kintuc,"Jun 30, 2012 7:09PM",Foo4,foo4@kintuc.com,http://wso2.com/cloud/stratos
kintuc,"Jun 30, 2012 7:09PM",Foo4,foo4@kintuc.com,http://wso2.com/solutions/enterprise-integration/fix-gateway
kintuc,"Jun 30, 2012 7:09PM",Foo4,foo4@kintuc.com,http://wso2.com/cloud/stratos
kintuc,"Jun 30, 2012 7:09PM",Foo4,foo4@kintuc.com,http://wso2.com/cloud/stratos
sinpedia,"Jun 30, 2012 7:09PM",Foo5,foo5@sinpedia.com,http://wso2.com/solutions/enterprise-integration/mobile-services-gateway
sinpedia,"Jun 30, 2012 7:09PM",Foo5,foo5@sinpedia.com,http://wso2.org/library/articles/2012/05/moving-from-platform-to-the-platform-as-a-service-what-is-it-all-about
sinpedia,"Jun 30, 2012 7:09PM",Foo5,foo5@sinpedia.com,http://wso2.com/solutions/enterprise-integration/mobile-services-gateway
sinpedia,"Jun 30, 2012 7:09PM",Foo5,foo5@sinpedia.com,http://wso2.org
spet,"Jun 30, 2012 7:09PM",Foo6,foo6@spet.com,http://wso2.org/library/articles/stratos
spet,"Jun 30, 2012 7:09PM",Foo6,foo6@spet.com,http://wso2.org/library/articles/2011/08/wso2-stratos-%E2%80%93-comprehensive-open-source-middleware-platform
spet,"Jun 30, 2012 7:09PM",Foo6,foo6@spet.com,http://wso2.org/project/carbon/3.2.0/docs/index.html
spet,"Jun 30, 2012 7:09PM",Foo6,foo6@spet.com,http://wso2.org/library/knowledge-base/2010/11/setup-stratos-system-your-personal-machine
spet,"Jun 30, 2012 7:09PM",Foo6,foo6@spet.com,http://connect.wso2.com/wso2/getform/reg/ot-user-registration
aney,"Jun 30, 2012 7:09PM",Foo7,foo7@aney.com,http://wso2.org/library/articles/2011/08/wso2-stratos-%E2%80%93-comprehensive-open-source-middleware-platform
aney,"Jun 30, 2012 7:09PM",Foo7,foo7@aney.com,http://wso2.org/project/carbon/3.2.0/docs/index.html
aney,"Jun 30, 2012 7:09PM",Foo7,foo7@aney.com,http://wso2.org/library/knowledge-base/2010/11/setup-stratos-system-your-personal-machine
aney,"Jun 30, 2012 7:09PM",Foo7,foo7@aney.com,http://connect.wso2.com/wso2/getform/reg/ot-user-registration
aney,"Jun 30, 2012 7:09PM",Foo7,foo7@aney.com,http://connect.wso2.com/wso2/form/dynamichandler
aney,"Jun 30, 2012 7:09PM",Foo7,foo7@aney.com,http://wso2.org/library/webinars/2010/11/wso2-stratos-technical-introduction
aney,"Jun 30, 2012 7:09PM",Foo7,foo7@aney.com,http://wso2.org/library/whitepapers/2011/10/practical-soa-solution-architect
aney,"Jun 30, 2012 7:09PM",Foo7,foo7@aney.com,http://wso2.com/products/platforms
aney,"Jun 30, 2012 7:09PM",Foo7,foo7@aney.com,http://wso2.org,http://wso2.com/products/developer-studio
haoe,"Jun 30, 2012 7:09PM",Foo8,foo8@haoe.com,http://wso2.com/solutions/enterprise-integration/mobile-services-gateway
haoe,"Jun 30, 2012 7:09PM",Foo8,foo8@haoe.com,http://wso2.com/cloud/stratos
haoe,"Jun 30, 2012 7:09PM",Foo8,foo8@haoe.com,http://wso2.com/support
haoe,"Jun 30, 2012 7:09PM",Foo8,foo8@haoe.com,http://wso2.com/cloud/stratos
haoe,"Jun 30, 2012 7:09PM",Foo8,foo8@haoe.com,http://wso2.com/solutions/enterprise-integration/mobile-services-gateway
haoe,"Jun 30, 2012 7:09PM",Foo8,foo8@haoe.com,http://wso2.com/cloud/stratos
haoe,"Jun 30, 2012 7:09PM",Foo8,foo8@haoe.com,http://wso2.com/support
haoe,"Jun 30, 2012 7:09PM",Foo8,foo8@haoe.com,http://wso2.com/solutions/enterprise-integration/mobile-services-gateway
haoe,"Jun 30, 2012 7:09PM",Foo8,foo8@haoe.com,http://wso2.com/cloud/stratos
haoe,"Jun 30, 2012 7:09PM",Foo8,foo8@haoe.com,http://wso2.com/support
haoe,"Jun 30, 2012 7:09PM",Foo8,foo8@haoe.com,http://connect.wso2.com/wso2/getform/reg/supportform
haoe,"Jun 30, 2012 7:09PM",Foo8,foo8@haoe.com,http://wso2.org/library/wso2con2011/open-source-middleware-for-the-cloud-wso2-stratos
haoe,"Jun 30, 2012 7:09PM",Foo8,foo8@haoe.com,http://wso2.com/cloud/stratos
haoe,"Jun 30, 2012 7:09PM",Foo8,foo8@haoe.com,http://wso2.com/solutions/enterprise-integration/fix-gateway
haoe,"Jun 30, 2012 7:09PM",Foo8,foo8@haoe.com,http://wso2.com/cloud/stratos
haoe,"Jun 30, 2012 7:09PM",Foo8,foo8@haoe.com,http://wso2.com/cloud/stratos
cham,"Jun 30, 2012 7:09PM",Foo9,foo9@cham.com,http://wso2.com/solutions/enterprise-integration/mobile-services-gateway
cham,"Jun 30, 2012 7:09PM",Foo9,foo9@cham.com,http://wso2.org/library/articles/2012/05/moving-from-platform-to-the-platform-as-a-service-what-is-it-all-about
cham,"Jun 30, 2012 7:09PM",Foo9,foo9@cham.com,http://wso2.com/solutions/enterprise-integration/mobile-services-gateway
cham,"Jun 30, 2012 7:09PM",Foo9,foo9@cham.com,http://wso2.org
cham,"Jun 30, 2012 7:09PM",Foo9,foo9@cham.com,http://wso2.org/library/articles/stratos
cham,"Jun 30, 2012 7:09PM",Foo9,foo9@cham.com,http://wso2.org/library/tutorials/2010/12/getting-started-wso2-stratos-vmware-image
cham,"Jun 30, 2012 7:09PM",Foo9,foo9@cham.com,http://connect.wso2.com/wso2/getform/reg/ot-user-registration
sacoa,"Jun 30, 2012 7:09PM",Foo10,foo10@sacoa.com,http://wso2.org/project/carbon/3.2.0/docs/index.html
sacoa,"Jun 30, 2012 7:09PM",Foo10,foo10@sacoa.com,http://wso2.org/library/knowledge-base/2010/11/setup-stratos-system-your-personal-machine
sacoa,"Jun 30, 2012 7:09PM",Foo10,foo10@sacoa.com,http://connect.wso2.com/wso2/getform/reg/ot-user-registration
sacoa,"Jun 30, 2012 7:09PM",Foo10,foo10@sacoa.com,http://connect.wso2.com/wso2/form/dynamichandler
sacoa,"Jun 30, 2012 7:09PM",Foo10,foo10@sacoa.com,http://wso2.org/library/webinars/2010/11/wso2-stratos-technical-introduction
sacoa,"Jun 30, 2012 7:09PM",Foo10,foo10@sacoa.com,http://wso2.org/library/whitepapers/2011/10/practical-soa-solution-architect
sacoa,"Jun 30, 2012 7:09PM",Foo10,foo10@sacoa.com,http://wso2.com/products/platforms
sacoa,"Jun 30, 2012 7:09PM",Foo10,foo10@sacoa.com,http://wso2.org,http://wso2.com/products/developer-studio
acme,"Feb 3, 2012 7:09PM",Foo1,foo1@acme.com,http://wso2.com/solutions/enterprise-integration/mobile-services-gateway
acme,"Feb 3, 2012 7:09PM",Foo1,foo1@acme.com,http://wso2.org
acme,"Feb 3, 2012 7:09PM",Foo1,foo1@acme.com,http://wso2.com/solutions/enterprise-integration/mobile-services-gateway
vbop,"Feb 3, 2012 7:09PM",Foo2,foo2@vbop.com,http://wso2.org
vbop,"Feb 3, 2012 7:09PM",Foo2,foo2@vbop.com,http://wso2.org
vbop,"Feb 3, 2012 7:09PM",Foo2,foo2@vbop.com,http://wso2.org
vbop,"Feb 3, 2012 7:09PM",Foo2,foo2@vbop.com,http://wso2.org
oop,"Feb 3, 2012 7:09PM",Foo3,foo3@oop.com,http://wso2.org/library/articles/stratos
oop,"Feb 3, 2012 7:09PM",Foo3,foo3@oop.com,http://wso2.org/library/articles/stratos
oop,"Feb 3, 2012 7:09PM",Foo3,foo3@oop.com,http://wso2.org/library/articles/stratos
oop,"Feb 3, 2012 7:09PM",Foo3,foo3@oop.com,http://wso2.org/library/articles/stratos
oop,"Feb 3, 2012 7:09PM",Foo3,foo3@oop.com,http://wso2.org/library/articles/stratos
oop,"Feb 3, 2012 7:09PM",Foo3,foo3@oop.com,http://wso2.org/library/articles/stratos
kintuc,"Feb 3, 2012 7:09PM",Foo4,foo4@kintuc.com,http://wso2.org/library/tutorials/2010/12/getting-started-wso2-stratos-vmware-image
sinpedia,"Feb 3, 2012 7:09PM",Foo5,foo5@sinpedia.com,http://wso2.org/library/articles/getting-started-wso2-carbon
sinpedia,"Feb 3, 2012 7:09PM",Foo5,foo5@sinpedia.com,http://wso2.org/library/articles/getting-started-wso2-carbon
spet,"Feb 3, 2012 7:09PM",Foo6,foo6@spet.com,http://wso2.org/library/articles/2011/08/comparison-wso2-stratos-other-paas-offerings
spet,"Feb 3, 2012 7:09PM",Foo6,foo6@spet.com,http://wso2.org/library/articles/2011/08/comparison-wso2-stratos-other-paas-offerings
spet,"Feb 3, 2012 7:09PM",Foo6,foo6@spet.com,http://wso2.org/library/articles/2011/08/comparison-wso2-stratos-other-paas-offerings
spet,"Feb 3, 2012 7:09PM",Foo6,foo6@spet.com,http://wso2.org/library/articles/2011/08/comparison-wso2-stratos-other-paas-offerings
spet,"Feb 3, 2012 7:09PM",Foo6,foo6@spet.com,http://wso2.org/library/articles/2011/08/comparison-wso2-stratos-other-paas-offerings
spet,"Feb 3, 2012 7:09PM",Foo6,foo6@spet.com,http://wso2.org/library/articles/2011/08/comparison-wso2-stratos-other-paas-offerings
aney,"Feb 3, 2012 7:09PM",Foo7,foo7@aney.com,http://wso2.org/premium/webinars/wso2-stratos-a-technical-introduction
haoe,"Feb 3, 2012 7:09PM",Foo8,foo8@haoe.com,http://connect.wso2.com/wso2/getform/reg/ot-user-registration
cham,"Feb 3, 2012 7:09PM",Foo9,foo9@cham.com,http://wso2.org/library/articles/stratos
cham,"Feb 3, 2012 7:09PM",Foo9,foo9@cham.com,http://wso2.org/library/articles/stratos
sacoa,"Feb 3, 2012 7:09PM",Foo10,foo10@sacoa.com,http://wso2.org/library/articles/2011/08/wso2-stratos-%E2%80%93-comprehensive-open-source-middleware-platform
sacoa,"Feb 3, 2012 7:09PM",Foo10,foo10@sacoa.com,http://wso2.org/library/articles/2011/08/wso2-stratos-%E2%80%93-comprehensive-open-source-middleware-platform
sacoa,"Feb 3, 2012 7:09PM",Foo10,foo10@sacoa.com,http://wso2.org/library/articles/2011/08/wso2-stratos-%E2%80%93-comprehensive-open-source-middleware-platform
sacoa,"Feb 3, 2012 7:09PM",Foo10,foo10@sacoa.com,http://wso2.org/library/articles/2011/08/wso2-stratos-%E2%80%93-comprehensive-open-source-middleware-platform
sacoa,"Feb 3, 2012 7:09PM",Foo10,foo10@sacoa.com,http://wso2.org/library/articles/2011/08/wso2-stratos-%E2%80%93-comprehensive-open-source-middleware-platform
acme,"Mar 3, 2012 7:09PM",Foo1,foo1@acme.com,http://wso2.com/solutions/enterprise-integration/mobile-services-gateway
acme,"Mar 3, 2012 7:09PM",Foo1,foo1@acme.com,http://wso2.com/solutions/enterprise-integration/mobile-services-gateway
vbop,"Mar 3, 2012 7:09PM",Foo2,foo2@vbop.com,http://wso2.org
vbop,"Mar 3, 2012 7:09PM",Foo2,foo2@vbop.com,http://wso2.org
vbop,"Mar 3, 2012 7:09PM",Foo2,foo2@vbop.com,http://wso2.org
vbop,"Mar 3, 2012 7:09PM",Foo2,foo2@vbop.com,http://wso2.org
vbop,"Mar 3, 2012 7:09PM",Foo2,foo2@vbop.com,http://wso2.org
oop,"Mar 3, 2012 7:09PM",Foo3,foo3@oop.com,http://wso2.org/library/articles/stratos
kintuc,"Mar 3, 2012 7:09PM",Foo4,foo4@kintuc.com,http://wso2.org/library/tutorials/2010/12/getting-started-wso2-stratos-vmware-image
kintuc,"Mar 3, 2012 7:09PM",Foo4,foo4@kintuc.com,http://wso2.org/library/tutorials/2010/12/getting-started-wso2-stratos-vmware-image
kintuc,"Mar 3, 2012 7:09PM",Foo4,foo4@kintuc.com,http://wso2.org/library/tutorials/2010/12/getting-started-wso2-stratos-vmware-image
sinpedia,"Mar 3, 2012 7:09PM",Foo5,foo5@sinpedia.com,http://wso2.org/library/articles/getting-started-wso2-carbon
sinpedia,"Mar 3, 2012 7:09PM",Foo5,foo5@sinpedia.com,http://wso2.org/library/articles/getting-started-wso2-carbon
spet,"Mar 3, 2012 7:09PM",Foo6,foo6@spet.com,http://wso2.org/library/articles/2011/08/comparison-wso2-stratos-other-paas-offerings
spet,"Mar 3, 2012 7:09PM",Foo6,foo6@spet.com,http://wso2.org/library/articles/2011/08/comparison-wso2-stratos-other-paas-offerings
spet,"Mar 3, 2012 7:09PM",Foo6,foo6@spet.com,http://wso2.org/library/articles/2011/08/comparison-wso2-stratos-other-paas-offerings
aney,"Mar 3, 2012 7:09PM",Foo7,foo7@aney.com,http://wso2.org/premium/webinars/wso2-stratos-a-technical-introduction
haoe,"Mar 3, 2012 7:09PM",Foo8,foo8@haoe.com,http://connect.wso2.com/wso2/getform/reg/ot-user-registration
haoe,"Mar 3, 2012 7:09PM",Foo8,foo8@haoe.com,http://connect.wso2.com/wso2/getform/reg/ot-user-registration
haoe,"Mar 3, 2012 7:09PM",Foo8,foo8@haoe.com,http://connect.wso2.com/wso2/getform/reg/ot-user-registration
haoe,"Mar 3, 2012 7:09PM",Foo8,foo8@haoe.com,http://connect.wso2.com/wso2/getform/reg/ot-user-registration
haoe,"Mar 3, 2012 7:09PM",Foo8,foo8@haoe.com,http://connect.wso2.com/wso2/getform/reg/ot-user-registration
haoe,"Mar 3, 2012 7:09PM",Foo8,foo8@haoe.com,http://connect.wso2.com/wso2/getform/reg/ot-user-registration
cham,"Mar 3, 2012 7:09PM",Foo9,foo9@cham.com,http://wso2.org/library/articles/stratos
sacoa,"Mar 3, 2012 7:09PM",Foo10,foo10@sacoa.com,http://wso2.org/library/articles/2011/08/wso2-stratos-%E2%80%93-comprehensive-open-source-middleware-platform
sacoa,"Mar 3, 2012 7:09PM",Foo10,foo10@sacoa.com,http://wso2.org/library/articles/2011/08/wso2-stratos-%E2%80%93-comprehensive-open-source-middleware-platform
sacoa,"Mar 3, 2012 7:09PM",Foo10,foo10@sacoa.com,http://wso2.org/library/articles/2011/08/wso2-stratos-%E2%80%93-comprehensive-open-source-middleware-platform
sacoa,"Mar 3, 2012 7:09PM",Foo10,foo10@sacoa.com,http://wso2.org/library/articles/2011/08/wso2-stratos-%E2%80%93-comprehensive-open-source-middleware-platform
sacoa,"Mar 3, 2012 7:09PM",Foo10,foo10@sacoa.com,http://wso2.org/library/articles/2011/08/wso2-stratos-%E2%80%93-comprehensive-open-source-middleware-platform
